{"accordion": 0, "adhesive_tape": 0, "aircraft": 0.002741599963822186, "airplane": 0.0476976761232654, "alarm_clock": 0, "alpaca": 0, "ambulance": 0, "animal": 0.0, "ant": 0.0, "antelope": 0.004385964912280701, "apple": 0.035110588531054886, "artichoke": 0, "auto_part": 0.0010136497021314599, "backpack": 0.0, "bagel": 0, "baked_goods": 0.03768829623579363, "balance_beam": 0, "ball": 0.0, "balloon": 0, "banana": 0, "banjo": 0, "barge": 0, "barrel": 0.0, "baseball_bat": 0, "baseball_glove": 0, "bat_(animal)": 0, "bathroom_accessory": 0, "bathroom_cabinet": 0, "bathtub": 0, "bear": 0.0, "bed": 0.006914285714285715, "bee": 0, "beehive": 0.0, "beer": 0.0323633416981467, "beetle": 0.016911965251311598, "bell_pepper": 0.0, "belt": 0, "bench": 0, "bicycle": 0.020272188587571204, "bicycle_helmet": 0, "bicycle_wheel": 0.000576923076923077, "bidet": 0, "billboard": 0.0, "billiard_table": 0.0, "binoculars": 0, "bird": 0.020732521658613848, "blender": 0, "blue_jay": 0, "boat": 0.023904829168311267, "book": 0, "bookcase": 0.006427665886788518, "boot": 0.06323675239022372, "bottle": 0.0027800929760823045, "bow_and_arrow": 0, "bowl": 0.004790940766550522, "bowling_equipment": 0, "box": 0.008675478065241844, "boy": 0.021707411751084513, "brassiere": 0.0, "bread": 0.038102094151357895, "briefcase": 0, "broccoli": 0.0, "bronze_sculpture": 0.030914183855360326, "brown_bear": 0, "building": 0.11541361313271234, "bull": 0.0, "burrito": 0, "bus": 0.06795031295479387, "bust": 0.10687734487734488, "butterfly": 0.028050595238095236, "cabbage": 0.09297739297739298, "cabinetry": 0.029170432457947714, "cake": 0.0, "cake_stand": 0, "calculator": 0, "camel": 0.0, "camera": 0.03448080364749264, "canary": 0, "candle": 0.0, "candy": 0.0015779092702169627, "cannon": 0.0, "canoe": 0, "cantaloupe": 0, "car": 0.10024903387546924, "carnivore": 0.026497198574470162, "carrot": 0, "cart": 0.0, "cassette_deck": 0, "castle": 0.03513513513513514, "cat": 0.14235760604688472, "cat_furniture": 0, "caterpillar": 0.0, "cattle": 0, "ceiling_fan": 0, "cello": 0.0, "centipede": 0, "chainsaw": 0, "chair": 0.00087333008189275, "cheese": 0, "cheetah": 0, "chest_of_drawers": 0.012048216011630645, "chicken": 0.0, "chisel": 0, "chopsticks": 0, "christmas_tree": 0, "clock": 0, "closet": 0.0, "clothing": 0.00395870136653654, "coat": 0.019165946413137423, "cocktail": 0.02487843960001807, "coconut": 0, "coffee": 0.01119779009978647, "coffee_cup": 0.020052926764808413, "coffee_table": 0, "coffeemaker": 0, "coin": 0.014565476190476193, "common_fig": 0, "common_sunflower": 0.020338117867554364, "computer_keyboard": 0.0, "computer_monitor": 0, "computer_mouse": 0.027777777777777776, "convenience_store": 0.0, "cookie": 0.0009945750452079567, "corded_phone": 0, "cosmetics": 0, "couch": 0, "countertop": 0, "cowboy_hat": 0, "crab": 0.011574074074074072, "cream": 0, "cricket_ball": 0, "crocodile": 0, "croissant": 0, "crown": 0, "crutch": 0, "cucumber": 0.019830757910228113, "cupboard": 0.0, "curtain": 0.011088564213564214, "cutting_board": 0.0, "dagger": 0, "dairy_product": 0.022580351807327394, "deer": 0.004794520547945205, "desk": 0.004335785482644221, "dessert": 0.041940439519824235, "diaper": 0, "dice": 0, "digital_clock": 0, "dinosaur": 0, "dishwasher": 0, "dog": 0.08698228959540447, "dog_bed": 0, "doll": 0.00496031746031746, "dolphin": 0.013664874551971325, "door": 0.0012792922046867528, "door_handle": 0, "doughnut": 0.01565040650406504, "dragonfly": 0.0, "drawer": 0.0, "dress": 0.009617697216546255, "drill_(tool)": 0, "drink": 0.009722844978454957, "drinking_straw": 0, "drum": 0, "duck": 0.007179397783424629, "dumbbell": 0, "eagle": 0.01733630952380952, "earrings": 0, "egg_(food)": 0.014149443561208268, "elephant": 0.0, "envelope": 0, "face_powder": 0, "falcon": 0.032852564102564104, "fashion_accessory": 0.004134983453258628, "fast_food": 0.041958052729931715, "fax": 0, "fedora": 0, "filing_cabinet": 0, "fire_hydrant": 0, "fireplace": 0, "fish": 0.00321652697170604, "flag": 0.0, "flashlight": 0, "flower": 0.028366781579666912, "flowerpot": 0, "flute": 0, "flying_disc": 0, "food": 0.06563409654464612, "food_processor": 0, "football": 0, "football_helmet": 0, "footwear": 6.074747575142099e-05, "fork": 0.0, "fountain": 0.0, "fox": 0.0, "french_fries": 0.006329113924050633, "french_horn": 0, "frog": 0.0, "fruit": 0.0028229333403490594, "frying_pan": 0.0, "furniture": 0.0011171141459028803, "garden_asparagus": 0, "gas_stove": 0, "giraffe": 0, "girl": 0.02849250785110825, "glasses": 0, "glove": 0.0, "goat": 0.005675172780435939, "goggles": 0, "goldfish": 0, "golf_ball": 0, "golf_cart": 0, "gondola": 0, "goose": 0.0, "grape": 0.0020042194092827004, "grapefruit": 0.012267894579215333, "guacamole": 0, "guitar": 0.014785343041645565, "hamburger": 0.07995633960927072, "hammer": 0, "hamster": 0, "handbag": 0.0, "handgun": 0.0, "harbor_seal": 0, "harp": 0.0, "harpsichord": 0, "hat": 0, "headphones": 0, "heater": 0, "hedgehog": 0, "helicopter": 0.016092698429654953, "helmet": 0.001726496773666585, "high_heels": 0, "hiking_equipment": 0, "hippopotamus": 0, "home_appliance": 0.0, "honeycomb": 0.0, "horizontal_bar": 0, "horse": 0.002277398860132673, "hot_dog": 0.0, "house": 0.0648629482488348, "houseplant": 0.023950067061210983, "human_arm": 0.0001233208783683687, "human_beard": 0, "human_body": 0.037046109850751595, "human_ear": 0, "human_eye": 0, "human_face": 0.0038722358281455082, "human_foot": 0, "human_hair": 0.002106001666208761, "human_hand": 0.0003544342087556029, "human_head": 0.001330902772422264, "human_leg": 0.00024089731365463615, "human_mouth": 0.0, "human_nose": 0.0, "ice_cream": 0.034473277684755874, "infant_bed": 0, "insect": 0.015643171046765606, "invertebrate": 0.006267473845598845, "ipod": 0, "isopod": 0, "jacket": 0.03420626276236914, "jacuzzi": 0, "jaguar_(animal)": 0, "jeans": 0.001041054668798294, "jellyfish": 0.0, "jet_ski": 0, "jug": 0, "juice": 0.005885051364354197, "kangaroo": 0.0, "kettle": 0.0, "kitchen_&_dining_room_table": 0.0, "kitchen_appliance": 0.004316546762589928, "kitchen_knife": 0, "kitchen_utensil": 0, "kite": 0, "knife": 0, "koala": 0.0, "ladder": 0, "ladle": 0, "ladybug": 0.0, "lamp": 0.0, "land_vehicle": 0.0023000926863895915, "lantern": 0.0, "laptop": 0, "lavender_(plant)": 0.004267818238406473, "lemon": 0.0, "leopard": 0.017730496453900707, "light_bulb": 0, "light_switch": 0, "lighthouse": 0, "lily": 0, "limousine": 0, "lion": 0.023717948717948717, "lipstick": 0, "lizard": 0.0217707878258337, "lobster": 0, "loveseat": 0.0, "luggage_and_bags": 0.0, "lynx": 0.0, "magpie": 0, "mammal": 0.007815011351023015, "man": 0.033883163500750935, "mango": 0, "maple": 0, "marine_invertebrates": 0.01667825856460794, "marine_mammal": 0.0, "mechanical_fan": 0, "medical_equipment": 0, "microphone": 0, "microwave_oven": 0, "milk": 0, "miniskirt": 0, "mirror": 0, "missile": 0, "mixer": 0, "mixing_bowl": 0, "mobile_phone": 0.01684425477998079, "monkey": 0.023925461335352866, "moths_and_butterflies": 0, "motorcycle": 0.025500085512555982, "mouse": 0, "muffin": 0.013426920680485194, "mug": 0.03801925025329281, "mule": 0.0, "mushroom": 0.013193297810500076, "musical_instrument": 0, "musical_keyboard": 0.0, "nail_(construction)": 0, "necklace": 0.0, "nightstand": 0, "oboe": 0, "office_building": 0.026873126873126877, "office_supplies": 0.0009259259259259261, "orange": 0.0, "organ_(musical_instrument)": 0.0, "ostrich": 0.0, "otter": 0.015625, "oven": 0, "owl": 0.0, "oyster": 0.0, "paddle": 0, "palm_tree": 0.009294521955512667, "pancake": 0.046806722689075625, "panda": 0, "paper_towel": 0.0, "parachute": 0.0, "parking_meter": 0, "parrot": 0.020733012306046014, "pasta": 0.17665590291456382, "pastry": 0.0, "peach": 0, "pear": 0, "pen": 0, "pencil_case": 0, "penguin": 0.0, "perfume": 0, "person": 0.0031294698787924734, "personal_care": 0, "personal_flotation_device": 0, "piano": 0.03532142857142857, "picnic_basket": 0, "picture_frame": 0.00641025641025641, "pig": 0.0, "pillow": 0, "pineapple": 0,