{"accordion": 0.06192278994544916, "adhesive_tape": 0, "aircraft": 0.01112096135707788, "airplane": 0.19015807896318837, "alarm_clock": 0, "alpaca": 0.027890015250089877, "ambulance": 0.13746981310006517, "animal": 0.001453187551614914, "ant": 0, "antelope": 0.025475775186539283, "apple": 0.0073373698373698365, "artichoke": 0.0, "auto_part": 0.003717416913531982, "axe": 0, "backpack": 0.08346077681184065, "bagel": 0, "baked_goods": 0.027521168107994726, "balance_beam": 0, "ball": 0.0, "balloon": 0, "banana": 0.0018534359851725122, "band-aid": 0, "banjo": 0.0, "barge": 0.0, "barrel": 0.004273504273504273, "baseball_bat": 0, "baseball_glove": 0, "bat_(animal)": 0.0, "bathroom_accessory": 0, "bathroom_cabinet": 0, "bathtub": 0, "beaker": 0, "bear": 0.010714285714285714, "bed": 0.03374892438663678, "bee": 0.0015238238417545314, "beehive": 0, "beer": 0.01713203776061649, "beetle": 0.1127173947917662, "bell_pepper": 0.0, "belt": 0.02564102564102564, "bench": 0, "bicycle": 0.07973964533240761, "bicycle_helmet": 0, "bicycle_wheel": 0.001626491997255888, "bidet": 0, "billboard": 0.0252812301199398, "billiard_table": 0.02298245614035088, "binoculars": 0.0, "bird": 0.046247028763703624, "blender": 0, "blue_jay": 0.04957805907172996, "boat": 0.08203283264314688, "book": 0.002201740138466065, "bookcase": 0.1136012060224423, "boot": 0.11707001011319541, "bottle": 0.00907008834622703, "bottle_opener": 0, "bow_and_arrow": 0, "bowl": 0.06747968371136337, "bowling_equipment": 0, "box": 0.043589831732556227, "boy": 0.03786505796179473, "brassiere": 0.0003246782760965961, "bread": 0.08093431080318006, "briefcase": 0, "broccoli": 0.026009422234864875, "bronze_sculpture": 0.09065660781265994, "brown_bear": 0.0, "building": 0.14524206495649722, "bull": 0.007438860159448394, "burrito": 0, "bus": 0.3592320287274597, "bust": 0.10822222222222222, "butterfly": 0.10039455778300083, "cabbage": 0.16822333041227816, "cabinetry": 0.04903515740796636, "cake": 0.007102892423404556, "cake_stand": 0, "calculator": 0.06188230008984726, "camel": 0.043207903717109884, "camera": 0.14656931971037807, "canary": 0, "candle": 0, "candy": 0.006697141462388315, "cannon": 0.030873079825537518, "canoe": 0, "cantaloupe": 0, "car": 0.1929767669139102, "carnivore": 0.02379099952770406, "carrot": 0, "cart": 0.054042609473181534, "cassette_deck": 0, "castle": 0.10093070789697738, "cat": 0.28336939101524794, "cat_furniture": 0.0, "caterpillar": 0.019077932098765432, "cattle": 0.0044202576233584884, "ceiling_fan": 0, "cello": 0.09644378080837693, "centipede": 0, "chainsaw": 0, "chair": 0.0021152242658308428, "cheese": 0.0, "cheetah": 0.15080596659094928, "chest_of_drawers": 0.04031856774040604, "chicken": 0.020788171671664253, "chime": 0, "chopsticks": 0, "christmas_tree": 0.020462046204620464, "clock": 0.02798507462686567, "closet": 0.008680555555555556, "clothing": 0.005055933515543273, "coat": 0.042025961441590015, "cocktail": 0.07506540289618537, "coconut": 0, "coffee": 0.013229312634270539, "coffee_cup": 0.05455135008637262, "coffee_table": 0.002073006628092346, "coffeemaker": 0, "coin": 0.0863267425273679, "common_fig": 0, "common_sunflower": 0.05232055129627786, "computer_keyboard": 0.00039626440474660495, "computer_monitor": 0.08602534006100514, "computer_mouse": 0.06632848122376894, "convenience_store": 0.19938792750073753, "cookie": 0.0009572072072072072, "corded_phone": 0, "cosmetics": 0.014712963495224197, "couch": 0.013826051551032649, "countertop": 0.0, "cowboy_hat": 0, "crab": 0.031544287715710446, "cream": 0, "cricket_ball": 0, "crocodile": 0.01829705788039121, "croissant": 0, "crown": 0.0, "crutch": 0, "cucumber": 0.0069864432826735896, "cupboard": 0.0632615015386709, "curtain": 0.018585237261707847, "cutting_board": 0.0, "dagger": 0, "dairy_product": 0.01773330874506101, "deer": 0.09379098341342636, "desk": 0.013743891156662994, "dessert": 0.04780605608525836, "diaper": 0, "dice": 0, "digital_clock": 0.0, "dinosaur": 0.016509680795395082, "dishwasher": 0, "dog": 0.25274340469772616, "dog_bed": 0, "doll": 0.03077155016139044, "dolphin": 0.02726316905564386, "door": 0.0010184382319270188, "door_handle": 0, "doughnut": 0.024451345755693583, "dragonfly": 0.08700957671545907, "drawer": 0.004459813475524242, "dress": 0.017560781891018572, "drill_(tool)": 0, "drink": 0.0033724047209795563, "drinking_straw": 0, "drum": 0.0003754183192483206, "duck": 0.03766832210223751, "dumbbell": 0, "eagle": 0.051367493277897185, "earrings": 0.005502567865003668, "egg_(food)": 0.0016955509519490511, "elephant": 0.08465900888796714, "envelope": 0.0, "eraser": 0, "face_powder": 0, "facial_tissue_holder": 0, "falcon": 0.15575439317194087, "fashion_accessory": 0.002626272031338485, "fast_food": 0.0382551046666799, "fax": 0, "fedora": 0.00012438955167490352, "filing_cabinet": 0, "fire_hydrant": 0.08167839105339106, "fireplace": 0.0030794871794871796, "fish": 0.005049142779527813, "flag": 0.04353193820011293, "flashlight": 0, "flower": 0.08383926031039203, "flowerpot": 0.0006837525097645768, "flute": 0, "flying_disc": 0, "food": 0.13623924043528726, "food_processor": 0, "football": 0, "football_helmet": 0.0, "footwear": 3.135434181245566e-05, "fork": 0.009887602357481876, "fountain": 0.057625910674691166, "fox": 0.1223401693062543, "french_fries": 0.0, "french_horn": 0, "frog": 0.04918042104895896, "fruit": 0.010418904028281441, "frying_pan": 0.0, "furniture": 0.0025731317128714973, "garden_asparagus": 0, "gas_stove": 0, "giraffe": 0.0, "girl": 0.05318092303840317, "glasses": 0.00011338327158121412, "glove": 0.003925619834710744, "goat": 0.000872165078293212, "goggles": 0.0, "goldfish": 0, "golf_ball": 0.0, "golf_cart": 0.0, "gondola": 0, "goose": 0.008288223757052625, "grape": 0.016211630160147143, "grapefruit": 0.015581138759878897, "guacamole": 0, "guitar": 0.038342465297723456, "hair_dryer": 0, "hamburger": 0.05785275263324902, "hamster": 0.08230395466041349, "hand_dryer": 0, "handbag": 0.09206973609624271, "handgun": 0.08061343074721508, "harbor_seal": 0.010871056241426612, "harmonica": 0.0, "harp": 0.07310924369747898, "harpsichord": 0, "hat": 0.003307135300347412, "headphones": 0.0, "heater": 0, "hedgehog": 0, "helicopter": 0.11945559746326345, "helmet": 9.233021104101571e-05, "high_heels": 0.013365863149964685, "hiking_equipment": 0, "hippopotamus": 0.05775048706083189, "home_appliance": 0.03809151794862762, "honeycomb": 0.013257575757575756, "horizontal_bar": 0, "horse": 0.058522744264317396, "hot_dog": 0.07504216713929544, "house": 0.14361385306583435, "houseplant": 0.06456048253626265, "human_arm": 0.0005223739170033815, "human_beard": 6.023578151622292e-05, "human_body": 0.05538888688583031, "human_ear": 0, "human_eye": 0.0, "human_face": 0.0066768713198013885, "human_foot": 0, "human_hair": 0.0013868886113666714, "human_hand": 0.0003860657276091271, "human_head": 0.0019942621668062937, "human_leg": 0.0005317042351051984, "human_mouth": 0.0, "human_nose": 0, "ice_cream": 0.006743347085626546, "indoor_rower": 0, "infant_bed": 0.0, "insect": 0.0948535707509523, "invertebrate": 0.041209976891501014, "ipod": 0, "isopod": 0, "jacket": 0.07512989898935875, "jacuzzi": 0, "jaguar_(animal)": 0.06535204182609844, "jeans": 0.0013905388120910938, "jellyfish": 0.021947901635401636, "jet_ski": 0, "jug": 0.042234848484848486, "juice": 0.016714001833492125, "kangaroo": 0.09507947698015703, "kettle": 0.038732533190080354, "kitchen_&_dining_room_table": 0.0, "kitchen_appliance": 0.003639781271360218, "kitchen_knife": 0.018028846153846156, "kitchen_utensil": 0, "kite": 0, "knife": 0.01514067715784454, "koala": 0.05821185617103985, "ladder": 0.0, "ladle": 0, "ladybug": 0.007601358193463456, "lamp": 0.005858747993579454, "land_vehicle": 0.010848410079407036, "lantern": 0.0, "laptop": 0.05331898007429922, "lavender_(plant)": 0.004687787227056538, "lemon": 0.015101425958936592, "leopard": 0.16331572803409827, "light_bulb": 0, "light_switch": 0, "lighthouse": 0, "lily": 0.0010841318932286793, "limousine": 0,