{"accordion": 0, "adhesive_tape": 0, "aircraft": 0.022204433743057958, "airplane": 0.08690833932924318, "alarm_clock": 0, "alpaca": 0, "ambulance": 0.0, "animal": 0.010355254211175308, "ant": 0, "antelope": 0, "apple": 0.00703125, "artichoke": 0, "auto_part": 0.004362309958365454, "backpack": 0, "bagel": 0, "baked_goods": 0.09867506325646996, "balance_beam": 0, "ball": 0, "balloon": 0.002554744525547445, "banana": 0, "banjo": 0, "barge": 0, "barrel": 0.0, "baseball_bat": 0, "baseball_glove": 0, "bat_(animal)": 0.0, "bathroom_accessory": 0, "bathroom_cabinet": 0, "bathtub": 0.0, "bear": 0, "bed": 0.0426162221176135, "bee": 0, "beehive": 0.0, "beer": 0.002756892230576441, "beetle": 0.03225806451612903, "bell_pepper": 0, "belt": 0, "bench": 0, "bicycle": 0.028035716486442323, "bicycle_helmet": 0, "bicycle_wheel": 0, "bidet": 0, "billboard": 0, "billiard_table": 0, "binoculars": 0, "bird": 0.053913334754194506, "blender": 0, "blue_jay": 0.0, "boat": 0.062159945620918367, "book": 0.0013818175660280925, "bookcase": 0.05246463044784686, "boot": 0.004480286738351254, "bottle": 0.007282900613690316, "bow_and_arrow": 0, "bowl": 0.05908826945412311, "bowling_equipment": 0, "box": 0.08878085775841257, "boy": 0.023036460657211193, "brassiere": 0, "bread": 0.15226998712461276, "briefcase": 0, "broccoli": 0, "bronze_sculpture": 0.09747375880741985, "brown_bear": 0, "building": 0.086196651379066, "bull": 0, "burrito": 0, "bus": 0.11236890087657714, "bust": 0.11324658236500343, "butterfly": 0.04397159857686173, "cabbage": 0.0, "cabinetry": 0.04014740057602634, "cake": 0.1012096715305976, "cake_stand": 0, "calculator": 0, "camel": 0.04156746031746032, "camera": 0.12144826624052622, "canary": 0, "candle": 0, "candy": 0.012297008547008546, "cannon": 0.0, "canoe": 0, "cantaloupe": 0, "car": 0.06839030647415809, "carnivore": 0.07543514981300711, "carrot": 0, "cart": 0.025556810599380256, "cassette_deck": 0, "castle": 0.07113305075261597, "cat": 0.2345021017140965, "cat_furniture": 0, "caterpillar": 0, "cattle": 0, "ceiling_fan": 0, "cello": 0.0, "centipede": 0, "chainsaw": 0, "chair": 0.0004429377555133299, "cheese": 0, "cheetah": 0.2235416171130457, "chest_of_drawers": 0.03114595431668602, "chicken": 0.027710884114070383, "chisel": 0, "chopsticks": 0, "christmas_tree": 0.009700176366843033, "clock": 0.0, "closet": 0, "clothing": 0.005085559812768769, "coat": 0.0, "cocktail": 0.006046511627906977, "coconut": 0, "coffee": 0, "coffee_cup": 0.15860818454165013, "coffee_table": 0, "coffeemaker": 0, "coin": 0.05268421855921856, "common_fig": 0, "common_sunflower": 0.024390243902439022, "computer_keyboard": 0.027410566216536363, "computer_monitor": 0.04314936311783128, "computer_mouse": 0.08333333333333334, "convenience_store": 0.11885087899157616, "cookie": 0, "corded_phone": 0, "cosmetics": 0, "couch": 0, "countertop": 0, "cowboy_hat": 0, "crab": 0.013888888888888888, "cream": 0, "cricket_ball": 0, "crocodile": 0.0, "croissant": 0, "crown": 0, "crutch": 0, "cucumber": 0.0, "cupboard": 0.018240284619594965, "curtain": 0.017711208598705324, "cutting_board": 0, "dagger": 0, "dairy_product": 0.02936350330482668, "deer": 0.06325146653338926, "desk": 0.003543257269545257, "dessert": 0.11123492847768475, "diaper": 0, "dice": 0, "digital_clock": 0, "dinosaur": 0.07545100243154015, "dishwasher": 0, "dog": 0.18042130848726556, "dog_bed": 0, "doll": 0.03576392759844936, "dolphin": 0, "door": 0.0018564298492512294, "door_handle": 0, "doughnut": 0, "dragonfly": 0, "drawer": 0, "dress": 0.0016881871798046229, "drill_(tool)": 0, "drink": 0.0, "drinking_straw": 0, "drum": 0.0, "duck": 0.01250735900153067, "dumbbell": 0, "eagle": 0.05011531127602556, "earrings": 0, "egg_(food)": 0.0004053474171028256, "elephant": 0.0770195833572205, "envelope": 0, "face_powder": 0, "falcon": 0, "fashion_accessory": 0, "fast_food": 0.063413990678854, "fax": 0, "fedora": 0, "filing_cabinet": 0, "fire_hydrant": 0, "fireplace": 0, "fish": 0.00026871960560647545, "flag": 0.0, "flashlight": 0, "flower": 0.03682590071489001, "flowerpot": 0.0, "flute": 0, "flying_disc": 0, "food": 0.10426307566468568, "food_processor": 0, "football": 0, "football_helmet": 0, "footwear": 1.077870776420704e-05, "fork": 0, "fountain": 0.0, "fox": 0.0, "french_fries": 0, "french_horn": 0, "frog": 0.10933657740365404, "fruit": 0, "frying_pan": 0, "furniture": 0.009118608584090757, "garden_asparagus": 0, "gas_stove": 0, "giraffe": 0.0, "girl": 0.06168828906493768, "glasses": 0.00017336380170397821, "glove": 0, "goat": 0.0, "goggles": 0, "goldfish": 0, "golf_ball": 0, "golf_cart": 0, "gondola": 0, "goose": 0, "grape": 0, "grapefruit": 0, "guacamole": 0, "guitar": 0.01727018464764647, "hamburger": 0.2198166900816259, "hammer": 0, "hamster": 0, "handbag": 0.02950859526946483, "handgun": 0.05694444444444444, "harbor_seal": 0, "harp": 0, "harpsichord": 0, "hat": 0, "headphones": 0.0, "heater": 0, "hedgehog": 0, "helicopter": 0.07805127105144608, "helmet": 0, "high_heels": 0, "hiking_equipment": 0, "hippopotamus": 0, "home_appliance": 0.020714285714285713, "honeycomb": 0, "horizontal_bar": 0, "horse": 0.0505068412112556, "hot_dog": 0.0, "house": 0.10145853484031785, "houseplant": 0.07199941639333149, "human_arm": 0.00024323068450722219, "human_beard": 0, "human_body": 0.06007768500682435, "human_ear": 0, "human_eye": 0, "human_face": 0.002241387346063886, "human_foot": 0, "human_hair": 0.005711546176742567, "human_hand": 0, "human_head": 0.0006474658821902527, "human_leg": 0.0, "human_mouth": 0, "human_nose": 0, "ice_cream": 0.01709245742092457, "infant_bed": 0.0, "insect": 0.06407456142212009, "invertebrate": 0.0078125, "ipod": 0, "isopod": 0, "jacket": 0.0662910368018407, "jacuzzi": 0, "jaguar_(animal)": 0.1139366883116883, "jeans": 0, "jellyfish": 0, "jet_ski": 0, "jug": 0, "juice": 0, "kangaroo": 0.0, "kettle": 0, "kitchen_&_dining_room_table": 0, "kitchen_appliance": 0, "kitchen_knife": 0, "kitchen_utensil": 0, "kite": 0, "knife": 0.0225, "koala": 0, "ladder": 0, "ladle": 0, "ladybug": 0, "lamp": 0.012658227848101266, "land_vehicle": 0.0083928788462016, "lantern": 0, "laptop": 0.06934862804573758, "lavender_(plant)": 0.008825715935123995, "lemon": 0, "leopard": 0, "light_bulb": 0, "light_switch": 0, "lighthouse": 0, "lily": 0, "limousine": 0, "lion": 0.18092798830370496, "lipstick": 0, "lizard": 0.17223410345748874, "lobster": 0.14657798349963813, "loveseat": 0, "luggage_and_bags": 0, "lynx": 0.1238479262672811, "magpie": 0, "mammal": 0.013002348854752736, "man": 0.0393865140504924, "mango": 0, "maple": 0.06083337246579155, "marine_invertebrates": 0.05149279248387907, "marine_mammal": 0, "mechanical_fan": 0, "medical_equipment": 0, "microphone": 0, "microwave_oven": 0.013888888888888888, "milk": 0, "miniskirt": 0, "mirror": 0, "missile": 0, "mixer": 0, "mixing_bowl": 0, "mobile_phone": 0.04873635276991066, "monkey": 0.021541076933233795, "moths_and_butterflies": 0.0, "motorcycle": 0.028607877799654697, "mouse": 0, "muffin": 0.048299761788791265, "mug": 0.0, "mule": 0, "mushroom": 0, "musical_instrument": 0.005767920701405451, "musical_keyboard": 0, "nail_(construction)": 0, "necklace": 0.0, "nightstand": 0, "oboe": 0, "office_building": 0.17231265779047714, "office_supplies": 0.055920917647630984, "orange": 0, "organ_(musical_instrument)": 0, "ostrich": 0, "otter": 0, "oven": 0, "owl": 0.0, "oyster": 0, "paddle": 0, "palm_tree": 0.019000408229373822, "pancake": 0, "panda": 0, "paper_towel": 0, "parachute": 0, "parking_meter": 0, "parrot": 0.14206805581302503, "pasta": 0.3467532411138266, "pastry": 0.0016155088852988692, "peach": 0, "pear": 0, "pen": 0, "pencil_case": 0, "penguin": 0, "perfume": 0, "person": 0.007227240245051384, "personal_care": 0, "personal_flotation_device": 0, "piano": 0.04362229437229437, "picnic_basket": 0, "picture_frame": 0.03328734650581468, "pig": 0.07912014540349842, "pillow": 0, "pineapple": 0, "pitcher_(container)": 0, "pizza": 0.37257408111690815, "plant": 0.07009400788446317, "plastic_bag": 0,