{"accordion": 0.0, "adhesive_tape": 0, "aircraft": 0.022732892160790653, "airplane": 0.15985704195282407, "alarm_clock": 0, "alpaca": 0, "ambulance": 0.04901960784313725, "animal": 0.0001790189760114572, "ant": 0, "antelope": 0.05745504775656882, "apple": 0.0, "artichoke": 0, "auto_part": 0.0026217987451503688, "backpack": 0.060156249999999994, "bagel": 0.0, "baked_goods": 0.030968908709110527, "balance_beam": 0, "ball": 0.0, "balloon": 0.0, "banana": 0, "banjo": 0, "barge": 0, "barrel": 0.0, "baseball_bat": 0, "baseball_glove": 0, "bat_(animal)": 0.0, "bathroom_accessory": 0, "bathroom_cabinet": 0, "bathtub": 0, "bear": 0.0, "bed": 0.05049308567885295, "bee": 0.0038404344193817878, "beehive": 0.02592592592592592, "beer": 0.033626768725136716, "beetle": 0.10415074372418223, "bell_pepper": 0, "belt": 0, "bench": 0, "bicycle": 0.07385821377339839, "bicycle_helmet": 0, "bicycle_wheel": 0.001584055858265267, "bidet": 0, "billboard": 0.0, "billiard_table": 0.03125, "binoculars": 0.0, "bird": 0.04214169461725596, "blender": 0, "blue_jay": 0, "boat": 0.08272499892101158, "book": 0.0012290953181337435, "bookcase": 0.08163421399340495, "boot": 0.08553398249640456, "bottle": 0.006509251153724209, "bow_and_arrow": 0, "bowl": 0.03512740646886989, "bowling_equipment": 0, "box": 0.05305362188559343, "boy": 0.024225328608706867, "brassiere": 0.001468253968253968, "bread": 0.10061044235538905, "briefcase": 0, "broccoli": 0.0, "bronze_sculpture": 0.06523368379986028, "brown_bear": 0, "building": 0.15472156822939007, "bull": 0.0, "burrito": 0, "bus": 0.36695686872351596, "bust": 0.2, "butterfly": 0.12231995811239404, "cabbage": 0.15151515151515152, "cabinetry": 0.03172315039060168, "cake": 0.009042762792762792, "cake_stand": 0, "calculator": 0.0, "camel": 0.03531746031746032, "camera": 0.1803237741228664, "canary": 0, "candle": 0, "candy": 0.002564102564102564, "cannon": 0.0, "canoe": 0, "cantaloupe": 0, "car": 0.2026713953344764, "carnivore": 0.031563791419038416, "carrot": 0, "cart": 0.017902795843972315, "cassette_deck": 0, "castle": 0.08108108108108109, "cat": 0.2902400981709825, "cat_furniture": 0, "caterpillar": 0.011574074074074072, "cattle": 0.005969569080932105, "ceiling_fan": 0, "cello": 0.09840225563909771, "centipede": 0, "chainsaw": 0, "chair": 0.002827937126743743, "cheese": 0, "cheetah": 0.1452299604052147, "chest_of_drawers": 0.03234610917537747, "chicken": 0.015162037037037036, "chisel": 0, "chopsticks": 0, "christmas_tree": 0.0, "clock": 0, "closet": 0, "clothing": 0.004727369600116504, "coat": 0.06130445709097394, "cocktail": 0.04567083420791622, "coconut": 0, "coffee": 0.03361842463658557, "coffee_cup": 0.0712722507740154, "coffee_table": 0.0, "coffeemaker": 0, "coin": 0.05249438524438524, "common_fig": 0, "common_sunflower": 0.007104845538735141, "computer_keyboard": 0.0, "computer_monitor": 0.08442576137312979, "computer_mouse": 0.08715277777777777, "convenience_store": 0.18842719151863807, "cookie": 0.0, "corded_phone": 0, "cosmetics": 0.039006190357161366, "couch": 0.011639344262295081, "countertop": 0.0, "cowboy_hat": 0, "crab": 0.056554974544771, "cream": 0, "cricket_ball": 0, "crocodile": 0.01725067385444744, "croissant": 0, "crown": 0, "crutch": 0, "cucumber": 0.009283349101229896, "cupboard": 0.0655800293856044, "curtain": 0.0, "cutting_board": 0, "dagger": 0, "dairy_product": 0.01893722279523482, "deer": 0.0866200322424702, "desk": 0.0026998961578400833, "dessert": 0.06901514366766276, "diaper": 0, "dice": 0, "digital_clock": 0, "dinosaur": 0.0, "dishwasher": 0, "dog": 0.23465942915701038, "dog_bed": 0, "doll": 0.025529100529100526, "dolphin": 0.0349167633441827, "door": 0.003623713897976042, "door_handle": 0.0, "doughnut": 0.0, "dragonfly": 0, "drawer": 0.0014103118950326255, "dress": 0.01497801729429789, "drill_(tool)": 0, "drink": 0.00877355357619263, "drinking_straw": 0, "drum": 0.0007659432043459232, "duck": 0.027269642347269134, "dumbbell": 0, "eagle": 0.023809523809523808, "earrings": 0, "egg_(food)": 0.0028991060031709325, "elephant": 0.13065828086277154, "envelope": 0, "face_powder": 0, "falcon": 0.10001526251526249, "fashion_accessory": 0.0018894216518548141, "fast_food": 0.0417998357255435, "fax": 0, "fedora": 0, "filing_cabinet": 0, "fire_hydrant": 0.0, "fireplace": 0, "fish": 0.008133882616249985, "flag": 0.01679605468905672, "flashlight": 0, "flower": 0.08574860423219977, "flowerpot": 0.0002543773182025139, "flute": 0, "flying_disc": 0, "food": 0.1465465003331032, "food_processor": 0, "football": 0, "football_helmet": 0, "footwear": 4.489816786208064e-05, "fork": 0.01113095238095238, "fountain": 0, "fox": 0.04451659451659452, "french_fries": 0, "french_horn": 0, "frog": 0.04491341991341992, "fruit": 0.006468594686332174, "frying_pan": 0, "furniture": 0.0023916643491624905, "garden_asparagus": 0, "gas_stove": 0, "giraffe": 0, "girl": 0.05643431197120488, "glasses": 0.00047169815666353766, "glove": 0.0, "goat": 0.0, "goggles": 0.0, "goldfish": 0, "golf_ball": 0, "golf_cart": 0, "gondola": 0, "goose": 0.004354401988093432, "grape": 0.007341299883771571, "grapefruit": 0.03637261585374793, "guacamole": 0, "guitar": 0.025980392156862746, "hamburger": 0.0660309793704777, "hammer": 0, "hamster": 0.04491341991341992, "handbag": 0.0560317887070749, "handgun": 0.02941468253968254, "harbor_seal": 0.02737940478325094, "harp": 0.0, "harpsichord": 0, "hat": 0.0026672961632966887, "headphones": 0, "heater": 0, "hedgehog": 0, "helicopter": 0.08345006240092975, "helmet": 0.0014577433327121613, "high_heels": 0.013398421162215256, "hiking_equipment": 0.0, "hippopotamus": 0, "home_appliance": 0.025374149659863947, "honeycomb": 0.0, "horizontal_bar": 0, "horse": 0.05110806084213384, "hot_dog": 0.0, "house": 0.1685175560105595, "houseplant": 0.05579247210069235, "human_arm": 0.0005379419929505887, "human_beard": 0.002382703069201925, "human_body": 0.053823845917580576, "human_ear": 0, "human_eye": 0.0, "human_face": 0.006795697584851634, "human_foot": 0, "human_hair": 0.0018587355619951152, "human_hand": 0.00026301499207437984, "human_head": 0.0017380228719297652, "human_leg": 0.0002866227630509407, "human_mouth": 0, "human_nose": 0, "ice_cream": 0.029423010079944384, "infant_bed": 0, "insect": 0.08952467827328968, "invertebrate": 0.023918059597168945, "ipod": 0, "isopod": 0, "jacket": 0.09118502353991068, "jacuzzi": 0, "jaguar_(animal)": 0.05854166666666667, "jeans": 0.0013005415691567659, "jellyfish": 0.0, "jet_ski": 0, "jug": 0, "juice": 0.01278341074443625, "kangaroo": 0.081575311942959, "kettle": 0.0, "kitchen_&_dining_room_table": 0, "kitchen_appliance": 0.0, "kitchen_knife": 0, "kitchen_utensil": 0, "kite": 0.0, "knife": 0, "koala": 0, "ladder": 0, "ladle": 0, "ladybug": 0.0, "lamp": 0.008860759493670885, "land_vehicle": 0.016612407532316315, "lantern": 0.0, "laptop": 0.011904761904761904, "lavender_(plant)": 0.0, "lemon": 0.02649335442679096, "leopard": 0.16822019587977033, "light_bulb": 0, "light_switch": 0, "lighthouse": 0, "lily": 0, "limousine": 0, "lion": 0.22929261068877554, "lipstick": 0, "lizard": 0.0822624090064, "lobster": 0.007716049382716048, "loveseat": 0, "luggage_and_bags": 0, "lynx": 0.09257901596611273, "magpie": 0, "mammal": 0.009230830650952372, "man": 0.038779011509329796, "mango": 0, "maple": 0.10344827586206896, "marine_invertebrates": 0.040498673519646713, "marine_mammal": 0.009594882729211086, "mechanical_fan": 0.0, "medical_equipment": 0, "microphone": 0, "microwave_oven": 0, "milk": 0, "miniskirt": 0, "mirror": 0, "missile": 0, "mixer": 0, "mixing_bowl": 0.0, "mobile_phone": 0.08158849906458346, "monkey": 0.10530584035653276, "moths_and_butterflies": 0, "motorcycle": 0.07139349866796328, "mouse": 0, "muffin": 0.01894083709797817, "mug": 0.025620567375886527, "mule": 0.01835205992509363, "mushroom": 0.03147580904933846, "musical_instrument": 0.0, "musical_keyboard": 0.05471698113207547, "nail_(construction)": 0, "necklace": 0.02814638886239658, "nightstand": 0.017543859649122806, "oboe": 0,